,original text,fwd_translated,rev_translated
0," Your loans were made at the height of the housing bubble, and looked like a great deal at the time. By using a HELOC as a ""piggyback"" second mortgage, you were not required to make a down payment or to purchase mortgage insurance.","Sus préstamos se hicieron en el apogeo de la burbuja de la vivienda, y se veía como una gran cantidad en el momento. Al utilizar un HELOC como una segunda hipoteca ""piggyback"", usted no estaba obligado a hacer un pago inicial o para comprar un seguro hipotecario.","Your loans were made at the height of the housing bubble, and it looked like a lot at the time. By using a HELOC as a second ""piggyback"" mortgage, you were not required to make a down payment or to buy a mortgage insurance."
1," Homeowners sell their homes and buy other homes for a variety of reasons including a need to live closer to a place of employment, to be closer to family, to enjoy a better climate, or simply to upgrade. This article is about finding the best sequence of steps in the process.","Los propietarios venden sus casas y compran otras por una variedad de razones, incluyendo la necesidad de vivir más cerca de un lugar de trabajo, estar más cerca de la familia, disfrutar de un mejor clima, o simplemente mejorar.Este artículo se trata de encontrar la mejor secuencia de pasos en el proceso.","Owners sell their homes and buy others for a variety of reasons, including the need to live closer to a workplace, be closer to the family, enjoy a better climate, or simply improve.This article is about finding the best sequence of steps in the process."
2," The tontine is an investment scheme where each of a group of participants pays a specified sum into a fund and receives a pro rata share of the income generated by the fund, but when a participant dies their share is divided among those remaining. As the number of participants dwindles, those remaining receive increasingly large distributions.","La tonelada es un esquema de inversión donde cada uno de un grupo de participantes paga una suma especificada en un fondo y recibe una parte proporcional de los ingresos generados por el fondo, pero cuando un participante muere su parte se divide entre los restantes. A medida que el número de participantes disminuye, los restantes reciben distribuciones cada vez más grandes.","Ton is an investment scheme where each of a group of participants pays a specified amount in a fund and receives a proportional share of the income generated by the fund, but when a participant dies its share is divided among the remaining. As the number of participants decreases, the remaining participants receive increasingly large distributions."
3," Late spring and early summer bring prime weather for outdoor exploration, but these international national parks drop jaws year-round -- no Instagram filters needed.","A finales de primavera y principios de verano traen un clima excelente para la exploración al aire libre, pero estos parques nacionales internacionales caen mandíbulas durante todo el año -- no se necesitan filtros de Instagram.","In late spring and early summer they bring an excellent climate for outdoor exploration, but these international national parks fall jaws all year round -- no Instagram filters are needed."
4," The virtue of the infinity pool, besides the uninterrupted views of course, it the sense of privilege that comes from possessing your own private horizon.","La virtud de la piscina infinita, además de las vistas ininterrumpidas por supuesto, es el sentido de privilegio que viene de poseer su propio horizonte privado.","The virtue of the infinity pool, in addition to the uninterrupted views of course, is the sense of privilege that comes from owning its own private horizon."
5," After rounding up the best coastal drives in the U.S., Australia, and Ireland, you responded with your favorite ocean roads around the globe.","Después de redondear los mejores recorridos costeros en los Estados Unidos, Australia e Irlanda, usted respondió con sus carreteras oceánicas favoritas alrededor del mundo.","After rounding the best coastal routes in the United States, Australia and Ireland, you responded with your favorite ocean roads around the world."
6," In 2008, a Russian newspaper and TV channel held a massive competition to name the official ""Seven Wonders of Russia."" Topping the list was a place that few international tourists visit due to its remote location: the ""Blue Eye of Siberia,"" the ""Sacred Sea,"" sickle-shaped Lake Baikal.","En 2008, un periódico ruso y un canal de televisión celebraron una competencia masiva para nombrar al oficial ""Siete maravillas de Rusia"". Encabezando la lista era un lugar que pocos turistas internacionales visitan debido a su ubicación remota: el ""Ojo Azul de Siberia"", el ""Mar Sagrado"", el lago Baikal en forma de hoz.","In 2008, a Russian newspaper and a television channel held a massive competition to name the officer ""Seven Wonders of Russia."" Heading the list was a place that few international tourists visit because of their remote location: the ""Blue Eye of Siberia"", the ""Sacred Sea"", Lake Baikal in sickle form."
7," Every year in our annual Readers' Choice Awards, we ask our fellow travelers to rate the world's best hotels, islands, airlines, and cruise lines. Just in time for getting your mind off of fall, we present the best islands in the world.","Cada año, en nuestros Premios Readers' Choice anuales, pedimos a nuestros compañeros de viaje que califiquen los mejores hoteles, islas, líneas aéreas y líneas de cruceros del mundo. Justo a tiempo para dejar de pensar en otoño, presentamos las mejores islas del mundo.","Every year, in our annual Readers' Choice Awards, we ask our fellow travelers to rate the best hotels, islands, airlines and cruise lines in the world. Just in time to stop thinking about autumn, we present the best islands in the world."
8," 3. Val d'Isère, France What's cool: Though some bemoan this mega resort for being crowded, pricey, and even a bit gauche","3. Val d'Isère, Francia Lo que es genial: Aunque algunos se lamentan de este mega resort por ser abarrotado, caro, e incluso un poco gauche","3. Val d'Isère, France What's great: Although some lament this mega resort for being crowded, expensive, and even a little gauche"
9," Private island dining, Michelin-starred meals, breakfast with elephants -- it's all on offer at these top-rated hotels from our 2013 Gold List.","Comida privada en la isla, comidas con estrellas Michelin, desayuno con elefantes, todo está en oferta en estos hoteles de primera categoría de nuestra Lista Dorada 2013.","Private food on the island, Michelin star meals, breakfast with elephants, everything is on offer at these top-notch hotels on our 2013 Golden List."
10," The entire list of 154 properties spans the globe, from a tiny one-suite find in Chiang Mai to a luxe safari camp in Tanzania","La lista completa de 154 propiedades abarca todo el mundo, desde una pequeña suite en Chiang Mai hasta un campamento de luxe safari en Tanzania","The complete list of 154 properties covers everyone, from a small suite in Chiang Mai to a luxe safari camp in Tanzania"
11," One of the most famous landmarks on the Oregon coast is Haystack Rock, forever known as Goonies Rock, thanks to its appearance at the end of the 1981 kidventure flick The Goonies.","Uno de los monumentos más famosos de la costa de Oregón es Haystack Rock, siempre conocido como Goonies Rock, gracias a su aparición al final de la película de 1981 The Goonies.","One of the most famous monuments on the Oregon coast is Haystack Rock, always known as Goonies Rock, thanks to its appearance at the end of the 1981 film The Goonies."
12," Beach season is officially here, and though there are many amazing shorelines to explore, our readers are partial to island beaches.","La temporada de playa está oficialmente aquí, y aunque hay muchas costas increíbles para explorar, nuestros lectores son parciales a las playas de la isla.","The beach season is officially here, and although there are many incredible coastlines to explore, our readers are partial to the island's beaches."
13," Poor cigarette smokers. As nonsmoking spaces become the norm in the U.S. and around the world, it must be hard for them to find hotel rooms where they're allowed to light up.","A medida que los espacios para no fumadores se convierten en la norma en Estados Unidos y en todo el mundo, debe ser difícil para ellos encontrar habitaciones de hotel donde se les permite iluminarse.","As non-smoking spaces become the norm in the United States and around the world, it must be difficult for them to find hotel rooms where they are allowed to light up."
14, Frozen treats are way more than just chocolate and vanilla in these far-flung countries.,Las golosinas congeladas son mucho más que chocolate y vainilla en estos países lejanos.,Frozen treats are much more than chocolate and vanilla in these distant countries.
15," Pastry chefs like Dominique Ansel, François Payard and Andrea Litvin spend their days crafting up delicious sweets for the world to enjoy. But what are their favorite desserts? We find out.","Chefs de pastelería como Dominique Ansel, François Payard y Andrea Litvin pasan sus días elaborando deliciosos dulces para que el mundo los disfrute. Pero, ¿cuáles son sus postres favoritos?","Chefs of pastry such as Dominique Ansel, François Payard and Andrea Litvin spend their days making delicious sweets for the world to enjoy. But what are their favorite desserts?"
16, Name recognition is the only thing you'll sacrifice if you swap out the usual tourist attractions for these lesser-known spots.,El reconocimiento de nombres es lo único que sacrificarás si intercambias las atracciones turísticas habituales por estos lugares menos conocidos.,The recognition of names is the only thing you will sacrifice if you exchange the usual tourist attractions for these lesser known places.
17," We dig a hotel with a gorgeous view, so it's no surprise we can't stop staring at the photos of these 14 rooftop bars.","Cavamos un hotel con una hermosa vista, por lo que no es de extrañar que no podamos dejar de mirar las fotos de estos 14 bares en la azotea.","We dig a hotel with a beautiful view, so it's no wonder we can't stop looking at the photos of these 14 rooftop bars."
18," No matter where you choose, book any of these yoga retreats and you'll come back feeling zen, tan, and uh, bendy.","No importa dónde elijas, reserva cualquiera de estos retiros de yoga y volverás sintiendo zen, bronceado, y uh, curtido.","No matter where you choose, book any of these yoga retreats and you'll come back feeling zen, tanned, and uh, tanned."
19," You can't be a slave to the fashionistas when you're a slave to the overhead storage bin. My system may not be stylish, but it has stood the test of hundreds of thousands of air miles. Here is the unvarnished truth about what my wheelie looks like when you open it.","Usted no puede ser un esclavo de los fashionistas cuando usted es un esclavo de la papelera de almacenamiento de arriba. Mi sistema puede no ser elegante, pero ha resistido la prueba de cientos de miles de millas aéreas. Aquí está la verdad sin barnizar sobre cómo es mi wheelie cuando se abre.","You cannot be a slave to fashionists when you are a slave to the storage bin above. My system may not be elegant, but you have resisted the test of hundreds of thousands of air miles. Here is the unglazed truth about how my wheelie is when it opens."
20, These hikes  may be the loveliest in the world. Go for a walk.,Estas caminatas pueden ser las más bonitas del mundo.,These walks can be the most beautiful in the world.
21," Airbnb CEO and cofounder Brian Chesky was in our office this morning talking about his company's plans for the future. While he mentioned many interesting things, the most fascinating was his list of the unexpected ways people use Airbnb.","El CEO y cofundador de Airbnb, Brian Chesky, estuvo en nuestra oficina esta mañana hablando de los planes de su compañía para el futuro. Aunque mencionó muchas cosas interesantes, la más fascinante fue su lista de las formas inesperadas en que la gente usa Airbnb.","Airbnb CEO and co-founder Brian Chesky was in our office this morning talking about his company’s plans for the future. Although he mentioned many interesting things, the most fascinating was his list of unexpected ways people use Airbnb."
22," Sure, cats and dogs are fun hotel pets, but so are the penguins, wolves and giraffes that call these resorts around the world home.","Claro, los gatos y los perros son mascotas divertidas del hotel, pero también lo son los pingüinos, lobos y jirafas que llaman a estos resorts alrededor de la casa del mundo.","Sure, cats and dogs are fun hotel pets, but so are penguins, wolves and giraffes calling these resorts around the house of the world."
23," Of the 981 properties included on UNESCO's World Heritage List, some 44 are categorized as in-danger, for reasons ranging from political instability to irresponsible tourism.","De las 981 propiedades incluidas en la Lista del Patrimonio Mundial de la UNESCO, unas 44 están clasificadas como en peligro, por razones que van desde la inestabilidad política hasta el turismo irresponsable.","Of the 981 properties on the UNESCO World Heritage List, some 44 are classified as endangered, for reasons ranging from political instability to irresponsible tourism."
24," Carry-on restrictions and baggage fees be damned: Our readers love to shop on vacation, and they know where to do it. Nearly","Las restricciones de transporte y los gastos de equipaje deben ser condenados: a nuestros lectores les encanta comprar de vacaciones, y saben dónde hacerlo.","Transportation restrictions and baggage expenses must be condemned: our readers love to buy on vacation, and they know where to do it."
25," There are a lot of advertisements out there for the Sochi Olympics right now, but these vintage travel posters are the ones we prefer.","Hay un montón de anuncios por ahí para los Juegos Olímpicos de Sochi en este momento, pero estos afiches de viaje vintage son los que preferimos.","There are plenty of ads out there for the Sochi Olympics right now, but these vintage travel posters are the ones we prefer."
26," When we head into the great outdoors, we generally want an equally great indoors waiting for us. Also some hot chocolate.","Cuando nos dirigimos al aire libre, por lo general queremos un interior igualmente grande esperándonos. También un poco de chocolate caliente.","When we go outdoors, we usually want an equally large interior waiting for us. Also a little hot chocolate."
27," 4. EAST, Miami, FL Proof that Miami has more to offer than beaches and buzzy clubs — the city’s biggest opening last year","4. EAST, Miami, FL Prueba de que Miami tiene más que ofrecer que las playas y los clubes bulliciosos — la apertura más grande de la ciudad el año pasado","4. EAST, Miami, FL Proof that Miami has more to offer than bustling beaches and clubs — the city's biggest opening last year"
28," Authors' homes are their castles, offices and -- more often than not -- places of pilgrimage for their fans.","Los hogares de los autores son sus castillos, oficinas y, la mayoría de las veces, lugares de peregrinación para sus fans.","The authors' homes are their castles, offices and, most of the time, places of pilgrimage for their fans."
29," State capitals may be hotbeds of partisan madness, but they are also the hubs around which local economies, cultures and sentiments spin.","Las capitales estatales pueden ser focos de locura partidista, pero también son los centros en torno a los cuales giran las economías, las culturas y los sentimientos locales.","State capitals can be sources of partisan madness, but they are also the centers around which local economies, cultures and feelings revolve."
30, All of these spa hotels and resorts are highly rated by our readers -- and all offer transporting natural surroundings to make your stay feel like a true escape.,"Todos estos hoteles y resorts de spa están altamente valorados por nuestros lectores, y todos ofrecen un entorno natural de transporte para hacer que su estancia se sienta como un verdadero escape.","All these hotels and spa resorts are highly valued by our readers, and all offer a natural transport environment to make your stay feel like a real escape."
31," From $40,000 suites with remote-controlled toilets, to 6,000-square-foot duplexes that are ""price upon request,"" these are the most expensive suites at Las Vegas' top hotels.","Desde $40,000 suites con baños controlados por control remoto, hasta dúplex de 6,000 pies cuadrados que son ""precio bajo petición"", estas son las suites más caras en los mejores hoteles de Las Vegas.","From $40,000 suites with remote-controlled bathrooms, to 6,000-square-foot duplex that is ""priced on request,"" these are the most expensive suites in the best hotels in Las Vegas."
32," Loo, john, latrine, oval office, outhouse, W.C., throne room -- whatever you call it, it's a place we all have to visit sometime, no matter where we are in the world. But while the experience is universal, the way we label the space varies greatly.","Loo, john, letrina, oficina ovalada, letrina, W.C., sala del trono -- como sea que lo llames, es un lugar que todos tenemos que visitar en algún momento, no importa dónde estemos en el mundo. Pero mientras la experiencia es universal, la forma en que etiquetamos el espacio varía mucho.","Loo, john, latrine, oval office, latrine, W.C., throne room -- whatever you call it, it's a place we all have to visit at some point, no matter where we are in the world. But while the experience is universal, the way we label space varies a lot."
33," ""The Midwest -- American beer's ancestral seats -- finally stealing the spotlight back from the craft brew-sodden coasts.""","""El Medio Oeste - los asientos ancestrales de la cerveza americana - finalmente robando el foco de la vuelta de la artesanía de las costas saturadas de cerveza.""","""The Midwest - the ancestral seats of American beer - finally stealing the focus of the return of crafts from the saturated coasts of beer."""
34, Texas native Stephen Orr takes the road less traveled on a drive through the Lone Star State's wild western borderlands.,"Stephen Orr, nativo de Texas, toma el camino menos transitado en un viaje a través de las salvajes tierras fronterizas occidentales del estado de Lone Star.",Texas native Stephen Orr takes the least traveled path on a journey through the wild western border lands of Lone Star State.
35," Nothing gets us more excited for summer than the prospect of an epic road trip: wind whipping through open car windows, highways flanked by stunning landscapes. Luckily, this is an easy reality in the U.S., thanks to an abundance of amazing national parks.","Nada nos emociona más para el verano que la perspectiva de un viaje épico por carretera: viento azotando a través de ventanas abiertas de coches, carreteras flanqueadas por paisajes impresionantes. Por suerte, esta es una realidad fácil en los EE.UU., gracias a una abundancia de parques nacionales increíbles.","Nothing excites us more for the summer than the prospect of an epic road trip: wind lashing through open windows of cars, roads flanked by stunning landscapes. Luckily, this is an easy reality in the US, thanks to an abundance of incredible national parks."
36," From small and scrappy vessels to big barges, boats of all stripes have inspired unique accommodations.","Desde pequeñas y escabrosas embarcaciones hasta grandes barcazas, barcos de todas las rayas han inspirado alojamientos únicos.","From small, rugged boats to large barges, boats of all stripes have inspired unique accommodations."
37," It's amazing what you pack when you have three minutes to fit your whole life in a bag. I grabbed my laptop, my passport, five t-shirts, flip flops, a swim suit, my external hard drive and my puppy. What was I forgetting? Underwear? Optional.","Es increíble lo que empacas cuando tienes tres minutos para caber toda tu vida en una bolsa. Tomé mi portátil, mi pasaporte, cinco camisetas, chanclas, un traje de baño, mi disco duro externo y mi cachorro. ¿Qué estaba olvidando? Ropa interior? Opcional.","It's amazing what you pack when you have three minutes to fit your whole life in a bag. I took my laptop, my passport, five T-shirts, flip flops, a swimsuit, my external hard drive and my puppy. What was I forgetting? Underwear? Optional."
38," First off, there is a HUGE difference between being on vacation and living abroad. That image you have of sitting around on a beach chair all day with a coconut drink in your hand at a luxurious resort?","En primer lugar, hay una gran diferencia entre estar de vacaciones y vivir en el extranjero. Esa imagen que tienes de sentarse en una silla de playa todo el día con una bebida de coco en la mano en un resort de lujo?","First of all, there is a big difference between being on vacation and living abroad. That picture you have of sitting in a beach chair all day with a coconut drink in your hand at a luxury resort?"
39," We all wish to be happy. We seek material bounty, fulfilling relationships, peace and a connection with nature. But we know that there's another, deeper aspect to happiness, one that scientists cannot measure. It is the fulfillment of our calling and mission, giving us the deep satisfaction that our time here on earth was most fulfilling, for us and those who we impacted.","Todos deseamos ser felices. Buscamos la recompensa material, el cumplimiento de las relaciones, la paz y una conexión con la naturaleza. Pero sabemos que hay otro aspecto más profundo de la felicidad, uno que los científicos no pueden medir. Es el cumplimiento de nuestro llamado y misión, dándonos la profunda satisfacción de que nuestro tiempo aquí en la tierra fue más satisfactorio, para nosotros y para aquellos que impactamos.","We all want to be happy. We seek material reward, fulfillment of relationships, peace and a connection with nature. But we know that there is another deeper aspect of happiness, one that scientists cannot measure. It is the fulfillment of our call and mission, giving us the deep satisfaction that our time here on earth was more satisfying, for us and for those that we impact."
40," In taking these steps, leaders demonstrate a genuine interest in and respect for their people and their new environment. While this may not fully assuage the fears of those who worry about their new boss and her agenda, it should help put the majority of folks at ease as they settle into their new reality.","Al tomar estas medidas, los líderes demuestran un genuino interés y respeto por su gente y su nuevo ambiente. Aunque esto no apacigua completamente los temores de aquellos que se preocupan por su nuevo jefe y su agenda, debería ayudar a poner a la mayoría de la gente en paz a medida que se instalan en su nueva realidad.","By taking these steps, leaders show genuine interest and respect for their people and their new environment. Although this does not completely appease the fears of those who care about their new boss and their agenda, it should help put most people at peace as they settle into their new reality."
41," My client's concerns included finding a ""gay-friendly"" proposal venue and making sure that the crowds would be accepting of her and her partner showing affection. I was suddenly aware of the fact that I take my ability to just be with my husband in the open for granted.","Las preocupaciones de mi cliente incluyeron encontrar un lugar de propuesta ""amigable con los gays"" y asegurarse de que la multitud aceptaría a ella y a su pareja mostrando afecto. De repente fui consciente del hecho de que tomo mi capacidad de estar con mi marido en el abierto por sentado.","My client's concerns included finding a ""friendly with gays"" proposition place and making sure the crowd would accept her and her partner showing affection. I was suddenly aware of the fact that I took my ability to be with my husband in the open for granted."
42," Zahra could have never known that when she entered a contest on Travel Blog California, she was about to win the best prize of her life.","Zahra nunca podría haber sabido que cuando entró en un concurso en Travel Blog California, estaba a punto de ganar el mejor premio de su vida.","Zahra could never have known that when she entered a contest on Travel Blog California, she was about to win the best prize of her life."
43, You own part of the company (aka a share in the company). The price of that share can fluctuate given what people think the company is worth (or will be worth) and what they are willing to pay for a share.,Usted es dueño de una parte de la empresa (también conocida como una acción en la empresa).El precio de esa acción puede fluctuar teniendo en cuenta lo que la gente piensa que la empresa vale (o valdrá) y lo que están dispuestos a pagar por una acción.,You own a part of the company (also known as a share in the company).The price of that share can fluctuate taking into account what people think the company is worth (or will be worth) and what they are willing to pay for a share.
44," For those of us that are newbies to the personal finance world with no time to do adequate research, we probably have more than a few blind spots, and a professional eye can really help.","Para aquellos de nosotros que somos novatos en el mundo de las finanzas personales sin tiempo para hacer la investigación adecuada, probablemente tenemos más de unos pocos puntos ciegos, y un ojo profesional realmente puede ayudar.","For those of us who are novices in the world of personal finance without time to do the right research, we probably have more than a few blind spots, and a professional eye can really help."
45," When life throws you a 100 mph curve ball, that hits you in the face ... and then another, and another, there are lots of things you can do. If you're a child, set on survival, you block it out and move on.","Cuando la vida te lanza una bola curva de 100 mph, que te golpea en la cara... y luego otra, y otra, hay un montón de cosas que puedes hacer. Si eres un niño, establecer la supervivencia, bloquearlo y seguir adelante.","When life throws a curve ball of 100 mph, which hits you in the face... and then another, and another, there's a lot of things you can do. If you're a child, set survival, block it and move on."
46," My 24-year-old daughter lives in Jerusalem. It's not a large city, so anything that happens in Jerusalem, is too close for comfort in this mother's eyes. I am not a staunch pro-Israel supporter, as many expect I might be. However, this was wrong on all levels. This is black and white for me: this was terrorism.","Mi hija de 24 años vive en Jerusalén. No es una ciudad grande, así que cualquier cosa que suceda en Jerusalén, está demasiado cerca para consolarse ante los ojos de esta madre. No soy un firme partidario de Israel, como muchos esperan que sea. Sin embargo, esto estuvo mal en todos los niveles. Esto es blanco y negro para mí: esto fue terrorismo.","My 24 year old daughter lives in Jerusalem. It is not a big city, so anything that happens in Jerusalem is too close to console herself in the eyes of this mother. I am not a strong supporter of Israel, as many expect it to be. However, this was wrong on all levels. This is black and white for me: this was terrorism."
47," With Thanksgiving right around the corner, it's time to start thinking about what you're thankful for this year.","Con Acción de Gracias a la vuelta de la esquina, es hora de empezar a pensar en lo que estás agradecido por este año.","With Thanksgiving around the corner, it's time to start thinking about what you're thankful for this year."
48," Over the years, there has a spike in the divorce rate among people ""of a certain age.""","A lo largo de los años, hay un aumento en la tasa de divorcios entre las personas ""de cierta edad"".","Over the years, there is an increase in the divorce rate among people ""of a certain age""."
49," If you got divorced in 2012, it's time to kick off the New Year with a new you.","Si te divorciaste en 2012, es hora de empezar el Año Nuevo con un nuevo tú.","If you divorced in 2012, it's time to start the New Year with a new you."
50," When I look back on my starter marriage, I realize how important it was; it helped shape me into the better wife that I am today in my second marriage.","Cuando miro atrás en mi matrimonio inicial, me doy cuenta de lo importante que era; me ayudó a convertirme en la mejor esposa que soy hoy en mi segundo matrimonio.","When I look back at my initial marriage, I realize how important it was; it helped me become the best wife I am today in my second marriage."
51," Today I was struggling to figure out what to write, and I fell back on a typical strategy: I begged my kids for suggestions","Hoy estaba luchando para averiguar qué escribir, y me caí en una estrategia típica: Rogué a mis hijos por sugerencias","Today I was struggling to find out what to write, and I fell into a typical strategy: I begged my children for suggestions"
52," The other day I was in the middle of my morning routine of packing snacks, reminding people to wear underwear and ordering them to brush their teeth when I happened to see it, my special needs daughter's red take home folder.","El otro día estaba en medio de mi rutina matutina de empacar bocadillos, recordando a la gente que usara ropa interior y ordenando que se cepillara los dientes cuando lo viera, la carpeta roja de mi hija con necesidades especiales.","The other day I was in the middle of my morning routine of packing sandwiches, reminding people to wear underwear and ordering them to brush their teeth when I saw it, my daughter's red folder with special needs."
53, Will the boys resent the time and energy their sister required? What will they have to deal with when my husband and I are no longer here? Who will take care of Lizzy when we can't do it ourselves?,¿Resentirán los chicos el tiempo y la energía que necesita su hermana? ¿Con qué tendrán que lidiar cuando mi marido y yo ya no estemos aquí? ¿Quién cuidará de Lizzy cuando no podamos hacerlo nosotros mismos?,Will the boys resent the time and energy their sister needs? What will they have to deal with when my husband and I are no longer here? Who will take care of Lizzy when we cannot do it ourselves?
54," After being a mother for 18 years, 12 as the mother of three, there are some things about raising children that I just know","Después de ser madre durante 18 años, 12 como madre de tres hijos, hay algunas cosas sobre la crianza de los hijos que sólo sé","After being a mother for 18 years, 12 as a mother of three, there are some things about raising children that I only know"
55," If you're going to try colonic treatments, take precautions against the various risks associated with colonics and do everything to make sure you get the most out of the experience.","Si vas a probar tratamientos colónicos, toma precauciones contra los diversos riesgos asociados con los colónicos y haz todo lo posible para asegurarte de sacar el máximo provecho de la experiencia.","If you are going to try colonic treatments, take precautions against the various risks associated with colonics and do your best to make sure you get the most out of the experience."
56," As it turns out, we have more of a say in the strength and resilience of our brains than we may have thought. Here are three myths to dispel before we can harness the power of our ""super brains.""","Resulta que tenemos más voz en la fuerza y la resistencia de nuestros cerebros de lo que podríamos haber pensado. Aquí hay tres mitos que disipar antes de que podamos aprovechar el poder de nuestros ""super cerebros"".","It turns out that we have more voice in the strength and endurance of our brains than we might have thought. Here are three myths to dissipate before we can harness the power of our ""super brains."""
57," Even more impressive than the power of yoga in this story is the fierce resiliency of these teens' spirits. Perhaps yoga and meditation awaken something in the human spirit that was always there, but which we lose sight of or neglect.","Aún más impresionante que el poder del yoga en esta historia es la feroz resiliencia de los espíritus de estos adolescentes. Tal vez el yoga y la meditación despierten algo en el espíritu humano que siempre estuvo allí, pero que perdemos de vista o descuidamos.","Even more impressive than the power of yoga in this story is the fierce resilience of the spirits of these teenagers. Perhaps yoga and meditation awaken something in the human spirit that was always there, but that we lose sight or neglect."
58," Why do we put kids through these exercises? If we want them to develop the courage to push past fear, can't we do that in a way that doesn't require them to override other instincts we need them to respect in order to keep them safe until their brains fully develop?","¿Por qué ponemos a los niños a través de estos ejercicios? Si queremos que desarrollen el valor para empujar más allá del miedo, ¿no podemos hacer eso de una manera que no les requiera anular otros instintos que necesitamos que respeten para mantenerlos a salvo hasta que sus cerebros se desarrollen completamente?","Why do we put children through these exercises? If we want them to develop the courage to push beyond fear, can we not do that in a way that does not require them to override other instincts that we need them to respect to keep them safe until their brains fully develop?"
59, Slut shaming is telling your daughter that twerking is bad because that will make people think she's a dirty girl and ruin her chances of catching a good husband. Parenting is telling your daughter that twerking is bad because it conveys an absence of self-respect and dignity.,La vergüenza de la zorra es decirle a su hija que twerking es malo porque eso hará que la gente piense que es una chica sucia y arruinar sus posibilidades de atrapar a un buen marido. La paternidad es decirle a su hija que twerking es malo porque transmite una ausencia de auto-respeto y dignidad.,The shame of the bitch is to tell her daughter that twerking is bad because that will make people think she's a dirty girl and ruin their chances of catching a good husband. Paternity is to tell her daughter that twerking is bad because it conveys an absence of self-respect and dignity.
60," This month I'm celebrating my fifth anniversary. In more traditional circles, the theme for a fifth wedding anniversary is wood. But since I'm celebrating the anniversary of my divorce, I think a more appropriate theme for me is ""would,"" as in what I wish I would have known back in 2007.","Este mes estoy celebrando mi quinto aniversario. En círculos más tradicionales, el tema para un quinto aniversario de boda es la madera. Pero como estoy celebrando el aniversario de mi divorcio, creo que un tema más apropiado para mí es ""lo haría"", como en lo que me hubiera gustado haber sabido en 2007.","This month I’m celebrating my fifth anniversary. In more traditional circles, the theme for a fifth wedding anniversary is wood. But as I’m celebrating the anniversary of my divorce, I think a more appropriate theme for me is “I would”, as in what I would have liked to have known in 2007."
61," Because many women have been raised to think ""catching a man"" is their top objective, women often approach dating as a prolonged marketing campaign. By spending your time trying to sell, you forget to consider whether you're interested in buying.","Debido a que muchas mujeres han sido criadas para pensar que ""atrapar a un hombre"" es su objetivo principal, las mujeres a menudo se acercan a las citas como una campaña de marketing prolongada. Al pasar su tiempo tratando de vender, se olvida de considerar si está interesado en comprar.","Because many women have been raised to think that ""catching a man"" is their main goal, women often approach dating as a prolonged marketing campaign. By spending their time trying to sell, they forget to consider whether they are interested in buying."
62, I have developed the following survival plan to get you through even the most severe case of kid-sickness.,He desarrollado el siguiente plan de supervivencia para hacerte pasar incluso por el caso más grave de enfermedad infantil.,I've developed the next survival plan to put you through even the most serious case of childhood disease.
63," ""We won't let them down,"" O'Brien promised. ""We're already in negotiations with the folks at Justice, the clothing store","""No los defraudaremos"", prometió O'Brien. ""Ya estamos en negociaciones con la gente de Justicia, la tienda de ropa","""We won't let them down,"" O'Brien promised. ""We're already in negotiations with the Justice people, the clothing store."
64," The problem is this: Whenever I see someone young enough to be my kid in a difficult situation, I tend to imagine my own kid in the same spot.","El problema es este: Cada vez que veo a alguien lo suficientemente joven como para ser mi hijo en una situación difícil, tiendo a imaginar a mi propio hijo en el mismo lugar.","The problem is this: Every time I see someone young enough to be my son in a difficult situation, I tend to imagine my own son in the same place."
65," It's my mother's birthday this week, and I have been spending a lot of time thinking fondly of her.  But I know that I am fortunate to have had a great relationship with my mom.  For many of us, let's just acknowledge that this relationship can be a bit more... complicated.","Es el cumpleaños de mi madre esta semana, y he estado pasando mucho tiempo pensando en ella con cariño pero sé que tengo la suerte de haber tenido una gran relación con mi madre para muchos de nosotros, reconozcamos que esta relación puede ser un poco más... complicada.","It's my mother's birthday this week, and I've been spending a lot of time thinking about her with affection but I know I'm lucky to have had a great relationship with my mother for many of us, let's recognize that this relationship can be a little more... complicated."
66," When you feel broken, the heart is actually more alive than ever.  And in these moments -- in this moment, as painful as it is -- we have the opportunity to lose our minds so that we can come to our senses.","Cuando uno se siente roto, el corazón está realmente más vivo que nunca. Y en estos momentos -- en este momento, por doloroso que sea -- tenemos la oportunidad de perder la mente para que podamos entrar en razón.","When one feels broken, the heart is really more alive than ever before. And right now -- at this moment, however painful it is -- we have a chance to lose our mind so that we can come to our senses."
67," Other than letting go of our reasons why it's not possible, there is nothing more useful we can do to make this a great year. Doing so is the heart of your personal transformation.","Aparte de dejar ir nuestras razones por las que no es posible, no hay nada más útil que podamos hacer para que este sea un gran año. Hacerlo es el corazón de tu transformación personal.","Apart from letting go of our reasons why it is not possible, there is nothing more useful we can do to make this a great year. Doing so is the heart of your personal transformation."
68, Money is abundant and flows spontaneously in life. Money allows me to express myself fully and contribute generously. What's,El dinero es abundante y fluye espontáneamente en la vida. El dinero me permite expresarme plenamente y contribuir generosamente.,Money is abundant and flows spontaneously in life. Money allows me to express myself fully and contribute generously.
69," Living life in fast forward mode means that truly important things don't happen. They get lost in the shuffle.  So, what's missing for you? You know the answer better than anyone.","Vivir la vida en el modo de avance rápido significa que las cosas realmente importantes no suceden. Se pierden en la baraja. Entonces, ¿qué te falta? Sabes la respuesta mejor que nadie.","Living life in the fast-forward mode means that really important things don't happen. They get lost in the deck. So, what do you lack? You know the answer better than anyone."
70," I've discovered six paths that lead to well-being -- some work instantaneously and some generate a much more lasting result.  This week, I'll focus on the ones that work instantly.","He descubierto seis caminos que conducen al bienestar -- algunos trabajan instantáneamente y otros generan un resultado mucho más duradero. Esta semana, me enfocaré en los que funcionan instantáneamente.","I have discovered six paths that lead to well-being -- some work instantly and others generate a much more lasting outcome.This week, I will focus on those that work instantly."
71," Sean explores his paternal ancestry focusing on his Hayes line, and that leads him via Chicago and Dublin back to Ballylongford in County Kerry. What will he learn there? Check out this exclusive video provided by TLC  to get a taste:","Sean explora su ascendencia paterna centrándose en su línea Hayes, y eso lo lleva a través de Chicago y Dublín de vuelta a Balllylongford en el condado de Kerry. ¿Qué aprenderá allí? Echa un vistazo a este vídeo exclusivo proporcionado por TLC para obtener una muestra:","Sean explores his paternal ancestry by focusing on his Hayes line, and that takes him through Chicago and Dublin back to Balllylongford in Kerry County. What will he learn there? Take a look at this exclusive video provided by TLC for a sample:"
72," For Wednesday's performance night the theme was ""California Dreaming/Songs I Wish I'd Written."" From the #Idols we heard James Brown, CCR, Journey and more, and saw plenty of #fun fashion!","Para la noche de performance del miércoles el tema fue ""California Soñando/Canciones que desearía haber escrito"". De los #Idols escuchamos a James Brown, CCR, Journey y más, ¡y vimos mucha moda divertida!","For Wednesday's performance night the theme was ""California Dreaming/Songs I Wish I Had Written."" Of the #Idols we listened to James Brown, CCR, Journey and more, and we saw a lot of fun fashion!"
73," I love working with artists that know what they like because you can really explore other options within the same vein of style. Finding the perfect jacket, pants, shoes, and shirts is always a #FUN challenge with Phillip.","Me encanta trabajar con artistas que saben lo que les gusta porque realmente puedes explorar otras opciones dentro de la misma línea de estilo. Encontrar la chaqueta perfecta, pantalones, zapatos y camisas es siempre un desafío #FUN con Phillip.","I love working with artists who know what they like because you can really explore other options within the same style line. Finding the perfect jacket, pants, shoes and shirts is always a #FUN challenge with Phillip."
74," Whether you're in town visiting and want to mix it up a bit, or you're a resident and want to get away from it all, start packing and hit the road!","Ya sea que estés de visita en la ciudad y quieras mezclarlo un poco, o que seas residente y quieras alejarte de todo, ¡comienza a empacar y lárgate!","Whether you're visiting the city and you want to mix it up a little bit, or you're a resident and you want to get away from everything, start packing and get out!"
75," On the menus: vanilla-dipped brioche French toast, a milk chocolate nest, seafood bars and more.","En los menús: tostadas francesas de brioche con vainilla, un nido de chocolate con leche, bares de mariscos y mucho más.","On the menus: French brioche toast with vanilla, a milk chocolate nest, seafood bars and much more."
76," Summer is (unofficially) here, and tons of travelers will be heading coast to coast to visit some of the most iconic city","El verano está (no oficialmente) aquí, y toneladas de viajeros se dirigirán de costa a costa para visitar alguna de las ciudades más emblemáticas","Summer is (not officially) here, and tons of travelers will head from coast to coast to visit some of the most iconic cities"
77, One of Space City's greatest assets is its close proximity to some of the other most unique and cultured cities.,Uno de los mayores activos de Space City es su proximidad a algunas de las otras ciudades más únicas y cultivadas.,One of the largest assets in Space City is its proximity to some of the most unique and cultivated cities.
78," Ancient ruins stand alongside Renaissance palazzos and buzzing cafes, and the works of art that can be viewed in the city's museums and churches are enough to make any culture lover drool.","Las ruinas antiguas se encuentran junto a palacios renacentistas y cafés zumbantes, y las obras de arte que se pueden ver en los museos e iglesias de la ciudad son suficientes para hacer babear a cualquier amante de la cultura.","The ancient ruins are located next to Renaissance palaces and buzzing cafes, and the works of art that can be seen in the city's museums and churches are enough to make any culture lover drool."
79," We've found just the spot to stay for almost every kind of traveler, so whether you're planning a romantic getaway or want to take the kids along, Oyster has a hotel for you.","Hemos encontrado el lugar justo para alojarse para casi todo tipo de viajeros, así que si estás planeando una escapada romántica o quieres llevar a los niños, Oyster tiene un hotel para ti.","We've found the right place to stay for almost all kinds of travelers, so if you're planning a romantic getaway or want to take the kids, Oyster has a hotel for you."
80, Are you traveling with the guys and looking for some female company?,¿Viajas con los chicos y buscas compañía femenina?,You travel with the boys and you're looking for women's company?
81," Both offer gorgeous architecture and a boat load of culture, but where one gets top marks for an eco-friendly attitude and a hipster vibe, the other is renowned for its beaches and bold attitude.","Ambos ofrecen una magnífica arquitectura y una gran cantidad de cultura, pero donde uno consigue las mejores marcas por una actitud ecológica y un ambiente hipster, el otro es famoso por sus playas y actitud audaz.","Both offer magnificent architecture and a lot of culture, but where one gets the best brands for an ecological attitude and a hipster atmosphere, the other is famous for its beaches and bold attitude."
82, Sometimes spa treatments tip over the edge of relaxing and enter the realm of the downright strange.,A veces los tratamientos de spa se inclinan sobre el borde de relajarse y entran en el reino de lo francamente extraño.,Sometimes spa treatments lean over the edge of relaxing and enter the realm of the frankly strange.
83," When we travel, we like to let loose -- after all, isn't a vacation all about leisure?","Cuando viajamos, nos gusta soltarnos... después de todo, ¿no es unas vacaciones todo sobre ocio?","When we travel, we like to let go... after all, isn't it a holiday all about leisure?"
84," Couples getaways can be great. Unfortunately, they normally involve having your significant other along.","Las escapadas de pareja pueden ser geniales. Desafortunadamente, normalmente involucran tener su pareja significativa.","Couple getaways can be great. Unfortunately, they usually involve having your significant partner."
85," If you want to drop a beat, or just pick up the vibes left behind by some of your favorite musicians, check out these rock-ready hotels.","Si quieres dejar caer un ritmo, o simplemente recoger las vibraciones dejadas por algunos de tus músicos favoritos, echa un vistazo a estos hoteles listos para el rock.","If you want to drop a beat, or simply pick up the vibrations left by some of your favorite musicians, check out these rock-ready hotels."
86," From the tip of Maine to the Florida Keys, America's Eastern region is a diverse area filled with just about every type of terrain an active traveler could want: mountains, marshes, lakes, cliffs, forests and so much more.","Desde el extremo de Maine hasta los Cayos de Florida, la región oriental de América es una zona diversa llena de casi todo tipo de terreno que un viajero activo podría querer: montañas, pantanos, lagos, acantilados, bosques y mucho más.","From the end of Maine to the Florida Keys, the eastern region of America is a diverse area full of almost every kind of terrain an active traveler might want: mountains, swamps, lakes, cliffs, forests and much more."
87, We're pretty excited about all the beef stew and Bailey's we plan on imbibing this weekend.,Estamos muy emocionados con todo el estofado de carne y Bailey's que planeamos para este fin de semana.,We're really excited about all the beef stew and Bailey's we planned for this weekend.
88," I soon realized my error: He wasn't a police officer, but a full-blown pimp about to shake down a John.","Pronto me di cuenta de mi error: no era un oficial de policía, sino un proxeneta a punto de sacudir a un John.","I soon realized my mistake: I was not a police officer, but a pimp about to shake a John."
89," Legend has it that when Dom Perignon first discovered champagne, he called out, ""Come quickly, I am tasting the stars!"" It's hard to disagree with the Frenchman -- a cool glass of bubbly can make even the most stoic person let loose a giggle or a smirk.","La leyenda dice que cuando Dom Perignon descubrió el champán por primera vez, gritó: ""¡Ven rápido, estoy probando las estrellas!"" Es difícil estar en desacuerdo con el francés -- un vaso fresco de burbujeo puede hacer que incluso la persona más estoica deje escapar una risita o una sonrisa.","Legend says that when Dom Perignon first discovered champagne, he shouted, ""Come quickly, I'm trying the stars!"" It's hard to disagree with the Frenchman -- a fresh glass of bubbling can make even the stoicest person let go of a laugh or a smile."
90, Few people know how to take it easy better than South Carolinians.,Pocas personas saben cómo tomarlo con calma mejor que los carolinanos del sur.,Few people know how to take it easy better than southern carolinans.
91," Alas, 2012 has come and gone, and we can't help but get a little nostalgic. After all, it was a great year -- especially in the hotel industry. But what really rocked our world this past year were the numerous (and we mean numerous) celebrity scandals that went down behind closed hotel doors.","Por desgracia, 2012 ha venido y se ha ido, y no podemos evitar ponernos un poco nostálgicos. Después de todo, fue un gran año, especialmente en la industria hotelera. Pero lo que realmente sacudió nuestro mundo este año pasado fueron los numerosos (y nos referimos a numerosos) escándalos de celebridades que cayeron a puertas cerradas del hotel.","Unfortunately, 2012 has come and gone, and we cannot help but get a little nostalgic. After all, it was a great year, especially in the hotel industry. But what really shook our world last year were the numerous (and we refer to numerous) celebrity scandals that fell behind closed doors of the hotel."
92, Some hotels aren't interested in catering to the baby-toting crowd and we're totally alright with that.,Algunos hoteles no están interesados en atender a la multitud de bebés y estamos totalmente de acuerdo con eso.,Some hotels are not interested in caring for the multitude of babies and we fully agree with that.
93," Deciding on a destination for an upcoming trip is never easy. While the beach and mountains may beckon, cities are a great","Decidir un destino para un próximo viaje nunca es fácil. Mientras que la playa y las montañas pueden llamar, las ciudades son una gran","Deciding a destination for a next trip is never easy. While the beach and mountains can call, the cities are a great"
94," Dubbed the ""City of Brotherly Love,"" Philadelphia is famous for its rich revolution-era history, its architecture and its truly fanatic sports fans.","Dubbed the ""City of Brotherly Love"", Philadelphia es famosa por su rica historia de la era de la revolución, su arquitectura y sus fanáticos fanáticos del deporte.","Dubbed the ""City of Brotherly Love"", Philadelphia is famous for its rich history of the era of revolution, its architecture and its fans of sport."
95," These fantasies can very easily become a reality, with an outdoor space and a little elbow grease. We've seen a lot of beautiful gardens on our travels, and so we took what we learned to come up these 10 helpful gardening tips.","Estas fantasías pueden convertirse fácilmente en una realidad, con un espacio al aire libre y un poco de grasa de codo. Hemos visto un montón de hermosos jardines en nuestros viajes, por lo que tomamos lo que aprendimos para llegar a estos 10 consejos útiles de jardinería.","These fantasies can easily become a reality, with an outdoor space and a little elbow grease. We have seen a lot of beautiful gardens on our travels, so we took what we learned to get to these 10 useful gardening tips."
96," Many hotels have on-site bars, even if they're merely situated in the glorified outskirts of the lobby, where guests can","Muchos hoteles tienen bares en el sitio, incluso si están situados en las afueras glorificadas del vestíbulo, donde los huéspedes pueden","Many hotels have bars on site, even if they are located on the glorified outskirts of the lobby, where guests can"
97," We have a special spot in our heart for hipster travelers. They, like us, have high standards when it comes to choosing a hotel. They'll often gravitate toward spots that are uber-trendy, quirky, or extremely green.","Tenemos un lugar especial en nuestro corazón para los viajeros hipster. Ellos, como nosotros, tienen altos estándares a la hora de elegir un hotel. A menudo gravitan hacia lugares que son uber-trendy, peculiar, o extremadamente verde.","We have a special place in our heart for hipster travelers. They, like us, have high standards when choosing a hotel. They often gravitate to places that are uber-trendy, peculiar, or extremely green."
98," Those same bunny hills and black diamonds turn into fun hiking trails and mountain bike circuits when the snow melts, and the dining and drinking is taken outdoors, bringing a lively atmosphere to long, sunny summer days.","Esas mismas colinas de conejito y diamantes negros se convierten en divertidas rutas de senderismo y circuitos de bicicleta de montaña cuando la nieve se derrite, y la comida y la bebida se llevan al aire libre, trayendo un ambiente animado a los largos y soleados días de verano.","Those same hills of bunny and black diamonds become fun hiking trails and mountain bike circuits when the snow melts, and food and drink are taken outdoors, bringing a lively atmosphere to the long, sunny summer days."
99," Being one of the northernmost capitals in Europe gets you a reputation as a cold place, but that doesn't mean Stockholm doesn't offer myriad activities and during the warm summer months.","Ser una de las capitales más septentrionales de Europa te da la reputación de ser un lugar frío, pero eso no significa que Estocolmo no ofrezca innumerables actividades y durante los cálidos meses de verano.","Being one of the northernmost capitals in Europe gives you the reputation of being a cold place, but that doesn't mean Stockholm doesn't offer countless activities and during the warm summer months."
100," We've done some digging into Disney's digs and have found the resorts that'll best suit all types of Disney-bound fanatics. Whether you're planning a girls' getaway or a family vacation, Disney World can be just the spot to relax, reconnect -- and most importantly -- have the time of your life.","Hemos investigado un poco las excavaciones de Disney y hemos encontrado los resorts que mejor se adaptan a todo tipo de fanáticos de Disney. Ya sea que estés planeando una escapada de chicas o unas vacaciones en familia, Disney World puede ser el lugar para relajarse, reconectarse, y lo más importante, tener el tiempo de tu vida.","We've done some research on Disney excavations and found the resorts that best suit all kinds of Disney fans. Whether you're planning a girls' getaway or a family vacation, Disney World can be the place to relax, reconnect, and most importantly, have the time of your life."
101," Chefs from around the globe have made this rainy corner of the world their home and created a unique restaurant scene that, despite local fare's boring reputation, rivals those in other bustling metropolises.","Chefs de todo el mundo han hecho de este rincón lluvioso del mundo su hogar y creado una escena de restaurante única que, a pesar de la aburrida reputación de la comida local, rivaliza con los de otras bulliciosas metrópolis.","Chefs from all over the world have made this rainy corner of the world their home and created a unique restaurant scene that, despite the boring reputation of local food, rivals those of other bustling metropolises."
102," Knightsbridge, Covent Garden and Oxford Street are arguably the top spots in London for high-end shopping, but there's a whole other world beyond the fashionable boutiques and name-brand clothing.","Knightsbridge, Covent Garden y Oxford Street son posiblemente los mejores lugares de Londres para hacer compras de gama alta, pero hay otro mundo más allá de las boutiques de moda y la ropa de marca.","Knightsbridge, Covent Garden and Oxford Street are possibly the best places in London for high-end shopping, but there is another world beyond fashion boutiques and brand clothing."
103," California's Napa Valley attracts plenty of visitors each year with its gorgeous scenery, gourmet eats, and, of course, some","El Valle Napa de California atrae a un montón de visitantes cada año con su hermoso paisaje, gourmet come, y, por supuesto, algunos","The Napa Valley of California attracts a lot of visitors every year with its beautiful landscape, gourmet eats, and, of course, some"
104," Some hotels go above and beyond to provide an appealing space for travelers to work out, with large windows overlooking the city, the mountains, even the beach!","Algunos hoteles van más allá para proporcionar un espacio atractivo para los viajeros a trabajar, con grandes ventanales con vistas a la ciudad, las montañas, incluso la playa!","Some hotels go further to provide an attractive space for travelers to work, with large windows overlooking the city, the mountains, even the beach!"
105, We've already waxed poetic about our love of all beach hotels. Now we've done the research for you and found six of the greatest hotel beaches around the globe.,Ya hemos sido poéticos acerca de nuestro amor por todos los hoteles de playa. Ahora hemos hecho la investigación para usted y hemos encontrado seis de las mejores playas de hoteles en todo el mundo.,We have already been poetic about our love for all beach hotels. We have now done the research for you and found six of the best hotel beaches around the world.
106," Rather than sit in an air-conditioned office, we figured we'd take a dip at one of these six refreshing New York City hotel pools. It was either this or prying open fire hydrants.","En lugar de sentarnos en una oficina con aire acondicionado, pensamos en darnos un chapuzón en una de estas seis refrescantes piscinas del hotel de la ciudad de Nueva York.","Instead of sitting in an air-conditioned office, we thought we'd take a dip in one of these six refreshing pools in New York City's hotel."
107, Plenty of business people find themselves traveling to San Francisco for work. And while the city has plenty to offer all,Un montón de gente de negocios se encuentra viajando a San Francisco para trabajar. Y mientras que la ciudad tiene mucho que ofrecer,A lot of business people find themselves traveling to San Francisco to work. And while the city has a lot to offer
108," We've done our research and come up with hotels that modern day Don Draper's will love, so grab a fresh drink, tell Joan to hold your calls and take a look!","Hemos hecho nuestra investigación y hemos llegado a hoteles que hoy en día a Don Draper le encantará, así que toma una bebida fresca, dile a Joan que espere sus llamadas y echa un vistazo!","We've done our research and we've arrived at hotels that today Don Draper will love, so have a fresh drink, tell Joan to wait for her calls and check it out!"
109," Fashion Week has arrived to New York City, and we're getting the fashion bug -- but it's not haute couture that's getting us excited. It's haute hotels, of course! Go on -- try these on for size.","La Semana de la Moda ha llegado a la ciudad de Nueva York, y estamos recibiendo el error de la moda, pero no es la alta costura lo que nos está excitando.","Fashion Week has arrived in New York City, and we're getting the fashion bug, but it's not haute couture that's exciting us."
110, We look to answer the question: I'm looking for high-end resorts with an abundance of single ladies.,Buscamos responder a la pregunta: Estoy buscando resorts de alta gama con una abundancia de mujeres solteras.,We seek to answer the question: I am looking for high-end resorts with an abundance of single women.
111," There are just so many things to consider before tying the knot, that brides-to-be can often forget about themselves -- and the importance of maintaining their own sanity -- amidst all the hustle and bustle.","Hay tantas cosas que considerar antes de atar el nudo, que las futuras novias a menudo pueden olvidarse de sí mismas -- y la importancia de mantener su propia cordura -- en medio de todo el ajetreo y el bullicio.","There are so many things to consider before tying the knot, that future brides can often forget about themselves -- and the importance of keeping their own sanity -- in the midst of all the hustle and bustle."
112," Tea experts, also known as tea masters or sommeliers, are growing in demand at luxury hotels around the globe. Brewing a perfect cuppa isn't as simple as Lipton would have you believe, and that's where experts such as Robert Rex-Waller step in.","Los expertos en té, también conocidos como maestros de té o sommeliers, están creciendo en la demanda en hoteles de lujo de todo el mundo. La elaboración de una taza perfecta no es tan simple como Lipton le haría creer, y ahí es donde expertos como Robert Rex-Waller intervienen.","Tea experts, also known as tea masters or sommeliers, are growing in demand in luxury hotels around the world. Making a perfect cup is not as simple as Lipton would make you believe, and that's where experts like Robert Rex-Waller intervene."
113, Who doesn't like to wake up in the morning and find the Eiffel Tower outside their window or open the drapes at night and see the Chicago River glittering with the reflections of skyscraper lights?,¿A quién no le gusta despertarse por la mañana y encontrar la Torre Eiffel fuera de su ventana o abrir las cortinas por la noche y ver el río Chicago brillando con los reflejos de las luces de rascacielos?,Who doesn't like to wake up in the morning and find the Eiffel Tower outside his window or open the curtains at night and see the Chicago River shining with the reflections of the skyscraper lights?
114," The beach, the pools, the view - these are major reasons why we travel to the Caribbean. And when we can get all in one, that's","La playa, las piscinas, la vista - estas son las principales razones por las que viajamos al Caribe. Y cuando podemos conseguir todo en uno, eso es","The beach, the pools, the view - these are the main reasons why we travel to the Caribbean. And when we can get everything in one, that is"
115," Even though swimming means your hair may look subpar, your cohorts will likely forget if you're attending one of these wet and wild hotel pool parties.","A pesar de que nadar significa que tu cabello puede parecer subpar, es probable que tus cohortes olviden si estás asistiendo a una de estas fiestas húmedas y salvajes en la piscina del hotel.","Even though swimming means that your hair may seem to subpar, your cohorts will likely forget if you are attending one of these wet and wild parties in the hotel pool."
116," In an effort to make customers feel like royalty, it pays to build a throne.","En un esfuerzo por hacer que los clientes se sientan como la realeza, vale la pena construir un trono.","In an effort to make customers feel like royalty, it is worth building a throne."
117," We've seen plenty of beautiful sights on our travels, and we've taken in some of the most breathtaking views we've ever seen in Florence, a city characterized by red rooftops, cobblestone streets and distant rolling hills.","Hemos visto un montón de hermosas vistas en nuestros viajes, y hemos tomado algunas de las vistas más impresionantes que hemos visto en Florencia, una ciudad caracterizada por techos rojos, calles adoquinadas y colinas distantes.","We have seen a lot of beautiful views on our travels, and we have taken some of the most impressive views we have seen in Florence, a city characterized by red ceilings, cobbled streets and distant hills."
118," So though mega-metropolises like Buenos Aires, Hong Kong, or Los Angeles might intimidate you, fear not. You can always retreat to these intimate boutiques for some quiet time amidst the bustle of the big city.","Así que aunque las mega-metrópolis como Buenos Aires, Hong Kong o Los Ángeles podrían intimidarte, no temas. Siempre puedes retirarte a estas boutiques íntimas para pasar un rato tranquilo en medio del bullicio de la gran ciudad.","So although mega-metrópolises like Buenos Aires, Hong Kong or Los Angeles could intimidate you, don’t be afraid. You can always retire to these intimate boutiques to have a quiet time in the middle of the bustle of the big city."
119," Most of us don't spend our hard-earned money on a trip lightly, and there's nothing worse than showing up at your carefully chosen resort only to get nickel-and-dimed.","La mayoría de nosotros no gastamos nuestro dinero duramente ganado en un viaje a la ligera, y no hay nada peor que aparecer en su resort cuidadosamente elegido sólo para conseguir níquel y centavos.","Most of us don't spend our hard earned money on a light trip, and there's nothing worse than showing up at your carefully chosen resort just to get nickel and cents."
120," In our new series, Oyster Stats, we're sharing surprising tidbits on a range of topics using data we've accumulated from our hotel coverage and site traffic. Check out our latest find: proof that the French hate working out.","En nuestra nueva serie, Oyster Stats, estamos compartiendo sorprendentes tidbits sobre una gama de temas utilizando datos que hemos acumulado de nuestra cobertura hotelera y el tráfico del sitio. Echa un vistazo a nuestro último hallazgo: prueba de que los franceses odian trabajar.","In our new series, Oyster Stats, we are sharing amazing tidbits on a range of topics using data that we have accumulated from our hotel coverage and site traffic. Check out our latest finding: proof that the French hate to work."
121," If you and your partner are planning a quick family escape before the holiday rush, we've come up with four great vacation ideas to offer you a little inspiration.","Si usted y su pareja están planeando una rápida escapada familiar antes de la prisa de las vacaciones, hemos ideado cuatro grandes ideas de vacaciones para ofrecerle un poco de inspiración.","If you and your partner are planning a quick family getaway before the holiday rush, we have devised four great holiday ideas to offer you some inspiration."
122," What's better than crawling into a soft, warm bed after a long day of skiing? Well, very few things, but an après-ski spa","¿Qué es mejor que meterse en una cama suave y cálida después de un largo día de esquí? Bueno, muy pocas cosas, pero un spa de après-ski","What is better than getting into a soft and warm bed after a long day of skiing? Well, very few things, but an après-ski spa"
123," When a reader wrote in looking for an unbuttoned getaway, we had some nude vacation answers.","Cuando un lector escribió en busca de una escapada desabrochada, tuvimos algunas respuestas de vacaciones desnudas.","When a reader wrote in search of an unbuttoned getaway, we had some naked vacation responses."
124," For those who love tree-hugging just as much as they love snuggling up with that special someone, we've found the best hotels for environmentally-friendly duos who don't want to skimp on romance.","Para aquellos que aman abrazar árboles tanto como aman acurrucarse con esa persona especial, hemos encontrado los mejores hoteles para dúos respetuosos con el medio ambiente que no quieren escatimar en romance.","For those who love embracing trees as much as they love cuddling with that special person, we have found the best hotels for eco-friendly duos that do not want to spare in romance."
125, Boston's non-stop vibe can seriously wear a resident out. So get your bags packed and set your GPS: We've got some miles to cover.,El ambiente sin parar de Boston puede llevar seriamente a un residente fuera. Así que empaca tus maletas y establece tu GPS: Tenemos algunas millas que cubrir.,Boston's nonstop environment can seriously take a resident out. So pack your bags and set your GPS: We have a few miles to cover.
126," Beyond the all-inclusive booze-fest, there's a different Jamaica full of reggae, secluded beaches, jerk chicken, and lush rainforest.","Más allá de la fiesta del alcohol todo incluido, hay una Jamaica diferente llena de reggae, playas aisladas, pollo idiota, y exuberante selva tropical.","Beyond the all-inclusive alcohol party, there is a different Jamaica full of reggae, isolated beaches, idiot chicken, and lush rainforest."
127," Good sex is about a mutual appreciation and attraction in the moment, but great sex is about loving one another's imperfections and a real desire for heightened energy and a deeper connection.","El buen sexo se trata de una apreciación mutua y atracción en el momento, pero el gran sexo se trata de amarse mutuamente las imperfecciones y un deseo real de energía aumentada y una conexión más profunda.","Good sex is a mutual appreciation and attraction at the time, but great sex is about loving each other imperfections and a real desire for increased energy and a deeper connection."
128," How could I cultivate patience with my loved ones, for instance, and more importantly, myself? I kept looking for the high feeling achieved after a deep yoga practice. The elation is a drug. It is more than just a feeling; it is biochemical.","¿Cómo podría cultivar la paciencia con mis seres queridos, por ejemplo, y lo más importante, yo mismo? Seguí buscando la sensación alta alcanzada después de una práctica de yoga profunda. La euforia es una droga. Es más que una sensación; es bioquímica.","How could I cultivate patience with my loved ones, for example, and most importantly, myself? I kept looking for the high sensation reached after a deep yoga practice. Euphoria is a drug. It’s more than a sensation; it’s biochemical."
129," Reading, writing, happiness and self-confidence are all fundamental rights and skills that can be learned. We just have to understand how and make them accessible to those who need our help!","La lectura, la escritura, la felicidad y la confianza en sí mismos son todos derechos y habilidades fundamentales que se pueden aprender. ¡Solo tenemos que entender cómo y hacer que sean accesibles a aquellos que necesitan nuestra ayuda!","Reading, writing, happiness, and self-confidence are all fundamental rights and skills that can be learned. We just need to understand how and make them accessible to those who need our help!"
130," With the Democratic Party’s “Unity Reform Commission” now history, major political forces are entering a new stage of contention","Con la historia de la “Comisión de Reforma de la Unidad” del Partido Demócrata, las principales fuerzas políticas están entrando en una nueva etapa de contienda","With the history of the Democratic Party’s “Unity Reform Commission,” the main political forces are entering a new stage of contention"
131," The trial of former CIA officer Jeffrey Sterling, set to begin in mid-January, is shaping up as a major battle in the U.S. government's siege against whistleblowing.","El juicio del ex oficial de la CIA Jeffrey Sterling, que comenzará a mediados de enero, se está perfilando como una batalla importante en el asedio del gobierno estadounidense contra la denuncia de irregularidades.","The trial of former CIA officer Jeffrey Sterling, which will begin in mid-January, is emerging as an important battle in the U.S. government's siege against whistleblowering."
132, It’s routine for right-wing outlets like Fox to smear progressive activists under the guise of “news” coverage. But why the,Es rutinario que los medios de derecha como Fox desprestigien a los activistas progresistas bajo el pretexto de la cobertura de “noticias”.,It is routine for right-wing media like Fox to discredit progressive activists under the pretext of “news” coverage.
133," It's hard to imagine what the 2040 presidential election will really be like, but if it's anything like the 2012 election","Es difícil imaginar cómo serán realmente las elecciones presidenciales de 2040, pero si es algo así como las elecciones de 2012","It's hard to imagine what the 2040 presidential election will really look like, but if it's something like the 2012 election."
134," Whether or not you care about Valentine's Day, we can all agree that a stuffed bear dressed like a bee or a box of Teenage","Independientemente de si te importa o no el Día de San Valentín, todos podemos estar de acuerdo en que un oso de peluche vestido como una abeja o una caja de Adolescentes","Whether or not you care about Valentine's Day, we can all agree that a teddy bear dressed like a bee or a box of Teens"
135," Perhaps seeing fellow ""Saturday Night Live"" alum Maya Rudolph heading back to studio 8H to host this weekend made Jimmy Fallon",Quizás ver a Maya Rudolph volver al estudio 8H para ser la anfitriona de este fin de semana hizo que Jimmy Fallon,Maybe seeing Maya Rudolph go back to studio 8H to host this weekend made Jimmy Fallon
136," 1. Take personal time to do some soul-searching, preferably in front of a bowl of lettuce. Reflect on what went wrong in","1. Tómese su tiempo personal para hacer un poco de búsqueda del alma, preferiblemente delante de un tazón de lechuga. Reflexione sobre lo que salió mal en","1. Take your personal time to do some soul searching, preferably in front of a bowl of lettuce. Reflect on what went wrong in"
137, One audience member asked specifically about comedian Maria Bamford's guest role on the show and both Tambor and Hurwitz,Un miembro del público preguntó específicamente sobre el papel invitado de la comediante Maria Bamford en el programa y tanto Tambor como Hurwitz,A member of the audience specifically asked about the guest role of comedian Maria Bamford in the program and both Tambor and Hurwitz
138," ""OK, I'll TALK! I'll TALK!"" That's how the legendary Bill Murray began his surprise Reddit AMA on Friday evening in which","""¡Bueno, hablaré! ¡Hablaré!"" Así es como el legendario Bill Murray comenzó su sorpresa Reddit AMA el viernes por la noche en la que","""Well, I'll talk! I'll talk!"" That's how legendary Bill Murray started his surprise Reddit AMA on Friday night when"
139," ""Saturday Night Live"" ended its Louis C.K.-hosted episode with a short look at something we could watch a lot more of: a","""Saturday Night Live"" terminó su episodio auspiciado por Louis C.K. con un breve vistazo a algo que podríamos ver mucho más de:","""Saturday Night Live"" ended his episode sponsored by Louis C.K. with a brief look at something we could see much more than:"
140," ""This is known as 'parody,' and it's a form of something we in the comedy business call a joke,"" Maher said. ""Just like we're","""Esto se conoce como 'parodia', y es una forma de algo que nosotros en el negocio de la comedia llamamos una broma"", dijo Maher.","""This is known as 'parody', and it's a form of something that we in the comedy business call a joke,"" Maher said."
141," When you have a question you want answered online, you have two options. You can search for the answer, or create a totally","Cuando usted tiene una pregunta que desea responder en línea, usted tiene dos opciones. Usted puede buscar la respuesta, o crear una totalmente","When you have a question you want to answer online, you have two options. You can search for the answer, or create a totally"
142," After being announced as a featured player just over a week ago, comedian and actress Kate McKinnon made her ""Saturday Night","Después de ser anunciado como un actor destacado hace poco más de una semana, la comediante y actriz Kate McKinnon hizo su ""Saturday Night""","After being announced as a featured actor just over a week ago, comedian and actress Kate McKinnon made her ""Saturday Night"""
143," If that isn't a comedy nerd's wet dream, I don't know what is. ""And I just sat there with Bill Murray and watched the baseball","Si eso no es el sueño húmedo de un nerd cómico, no sé lo que es. ""Y me senté allí con Bill Murray y vi el béisbol","If that's not the wet dream of a comic nerd, I don't know what it is. ""And I sat there with Bill Murray and saw baseball."
144," There is no one type of museum artist-in-residence program. In many institutions, the artist-in-residence program is run out of the museum's education department with a very specific mandate to develop and complete projects with school-age children, and there may be no studio or materials for the artists or opportunities for them to exhibit their own work.","En muchas instituciones, el programa de artistas en residencia se ejecuta fuera del departamento de educación del museo con un mandato muy específico para desarrollar y completar proyectos con niños en edad escolar, y no puede haber estudio ni materiales para los artistas ni oportunidades para que expongan su propia obra.","In many institutions, the artist-in-residence program is run outside the museum's education department with a very specific mandate to develop and complete projects with school-age children, and there can be neither study nor materials for artists nor opportunities for them to exhibit their own work."
145," It was 2007 and the 9th Ward still looked like an overgrown prairie strewn with concrete slabs. In the years since then, Make It Right NOLA has assembled a living study in sustainable architecture for returning residents.","Era 2007 y el 9th Ward todavía parecía una pradera sobrecultivada esparcida con losas de hormigón. En los años desde entonces, Make It Right NOLA ha reunido un estudio vivo en arquitectura sostenible para los residentes que regresan.","It was 2007 and the 9th Ward still looked like an overgrown meadow scattered with concrete slabs. In the years since then, Make It Right NOLA has gathered a living studio in sustainable architecture for returning residents."
146," New Orleans Jazz & Heritage Festival headliner Janelle Monáe described her friend and collaborator Prince during an emotional set that included ""Let's Go Crazy"" and ""Take Me With U"" with: ""He was free. He was fearless. He was music. He was rock and roll. He was on beat.""","Janelle Monáe, directora del Festival de Jazz y Patrimonio de Nueva Orleans, describió a su amiga y colaboradora Prince durante un set emocional que incluía ""Let's Go Crazy"" y ""Take Me With U"" con: ""Él era libre. Él era intrépido. Él era música. Él era rock and roll. Él estaba en ritmo.""","Janelle Monáe, director of the New Orleans Jazz and Heritage Festival, described her friend and collaborator Prince during an emotional set that included ""Let's Go Crazy"" and ""Take Me With U"" with: ""He was free. He was fearless. He was music. He was rock and roll. He was in rhythm."""
147," In addition to room renovations, new restaurant SoBou is a major part of the W French Quarter redesign. ""Food is a big part","Además de las renovaciones de habitaciones, el nuevo restaurante SoBou es una parte importante del rediseño del W French Quarter. ""La comida es una parte importante","In addition to room renovations, the new SoBou restaurant is an important part of the redesign of the W French Quarter. ""Food is an important part"
148," I've been stumbling into the next best word lately. Today it was pouring rain, I pointed at an umbrella and said chair. Something about that felt familiar. I'd done it before.","Últimamente he tropezado con la siguiente mejor palabra, hoy estaba lloviendo, apunté a un paraguas y dije ""silla"", algo que me parecía familiar, lo había hecho antes.","Lately I stumbled upon the next best word, today it was raining, I pointed to an umbrella and said ""chair"", something that seemed familiar to me, I had done before."
149, Wearing shoes that are comfortable and fashionable is not a lofty goal. Try going up a size and adding supports. Resist falling prey to a great sale but the wrong size. Take care of your feet or do the rest of us a favor and cover up if you don't have the time.,"Usar zapatos que son cómodos y de moda no es un objetivo elevado. Trate de subir un tamaño y añadir soportes. Resistir a la caída presa de una gran venta, pero el tamaño equivocado. Cuide de sus pies o haga el resto de nosotros un favor y encubrir si no tiene el tiempo.","Wearing shoes that are comfortable and fashionable is not a high target. Try to raise a size and add supports. Resist falling prey to a big sale, but the wrong size. Take care of your feet or do the rest of us a favor and cover up if you don't have the time."
